{
    "summary": [
        {
            "id": "20048-M1-spanish",
            "name": "Patient Recruitment",
            "percentagecompleted": 0,
            "percentageincomplete": 100,
            "requiredLessonCount": 6
        },
        {
            "id": "SL-009",
            "name": "12 Page PDF",
            "percentagecompleted": 16.666666666666664,
            "percentageincomplete": 83.33333333333334,
            "requiredLessonCount": 6
        },
        {
            "id": "A-001",
            "name": "Five Question Assessment",
            "percentagecompleted": 16.666666666666664,
            "percentageincomplete": 83.33333333333334,
            "requiredLessonCount": 6
        },
        {
            "id": "SL-002",
            "name": "Single MP4 Lesson",
            "percentagecompleted": 0,
            "percentageincomplete": 100,
            "requiredLessonCount": 6
        },
        {
            "id": "SL-005",
            "name": "Two Page PDF",
            "percentagecompleted": 0,
            "percentageincomplete": 100,
            "requiredLessonCount": 6
        },
        {
            "id": "RL-05",
            "name": "Regular Lesson with two topics",
            "percentagecompleted": 16.666666666666664,
            "percentageincomplete": 83.33333333333334,
            "requiredLessonCount": 6
        },
        {
            "id": "SL-001",
            "name": "Single PDF Lesson v1",
            "percentagecompleted": 0,
            "percentageincomplete": 100,
            "requiredLessonCount": 6
        }
    ],
    "details": "",
    "topic": "",
    "userCount": 7
}